{"Ariana Grande": 72.2, "Bad Bunny": 73.66666666666667, "Bailey Zimmerman": 69.0, "Bebe Rexha": 58.5, "Beyonc\u00e9": 70.1, "Billie Eilish": 77.11111111111111, "Cardi B": 67.5, "Chris Brown": 70.33333333333333, "Coco Jones": 47.5, "Cody Johnson": 65.22222222222223, "Coi Leray": 52.2, "Cole Swindell": 53.77777777777778, "Corey Kent": 60.666666666666664, "David Guetta": 60.0, "David Kushner": 73.2, "Doechii": 58.833333333333336, "Doja Cat": 74.6, "Dua Lipa": 75.77777777777777, "Ed Sheeran": 80.0, "Eslabon Armado": 63.0, "FIFTY FIFTY": 36.0, "Fuerza Regida": 71.8, "Grupo Frontera": 79.33333333333333, "Gunna": 64.0, "HARDY": 58.833333333333336, "Harry Styles": 76.4, "Hermanos Vega Jr.": 16.5, "Ice Spice": 66.57142857142857, "J Balvin": 80.0, "J. Cole": 65.57142857142857, "JVKE": 71.75, "Jason Aldean": 64.6, "Jelly Roll": 60.714285714285715, "Jordan Davis": 64.75, "Jung Kook": 79.83333333333333, "Junior H": 79.5, "KAROL G": 78.6, "Kali Uchis": 73.0, "Kane Brown": 60.285714285714285, "Kelly Clarkson": 59.0, "Kim Petras": 48.0, "Ktlyn": 53.5, "Lady Gaga": 77.22222222222223, "Lainey Wilson": 57.8, "Latto": 45.8, "Lil Durk": 54.142857142857146, "Lizzo": 48.4, "Luke Combs": 76.9, "Mariah Carey": 70.5, "Megan Moroney": 67.83333333333333, "Meghan Trainor": 64.0, "Metro Boomin": 74.0, "Miguel": 63.22222222222222, "Miley Cyrus": 73.2, "Morgan Wallen": 75.1, "NLE Choppa": 65.14285714285714, "Natanael Cano": 77.0, "Nate Smith": 71.0, "NewJeans": 76.6, "Nicki Minaj": 64.11111111111111, "Noah Kahan": 76.44444444444444, "Old Dominion": 58.1, "Oliver Anthony Music": 61.0, "Olivia Rodrigo": 81.0, "Parker McCollum": 56.714285714285715, "Peso Pluma": 72.8, "PinkPantheress": 64.625, "RAYE": 51.333333333333336, "Rema": 57.111111111111114, "Rihanna": 75.9, "Rod Wave": 66.16666666666667, "SZA": 75.55555555555556, "Sabrina Carpenter": 77.28571428571429, "Sam Smith": 72.9, "Selena Gomez": 67.44444444444444, "Shakira": 70.0, "Stephen Sanchez": 70.25, "Steve Lacy": 71.5, "Taylor Swift": 75.5, "The Weeknd": 81.0, "Toosii": 48.285714285714285, "Tyler Childers": 78.0, "Tyler Hubbard": 62.666666666666664, "Yng Lvcas": 50.875, "Zac Brown Band": 67.11111111111111, "Zach Bryan": 76.44444444444444, "d4vd": 74.6}